name,Z,lat,lon,,l
]쑍OEh,FJs2436,36.118946,139.337611,wً}ꏊ(ꎞꏊ),y^zZAynkz
]쑍,FJs377-1,36.108919,139.308365,wً}ꏊ(Lꏊ),y^zZAynkz
]kwZ,FJsO{359,36.128035,139.336035,wwً}ꏊ(),y^zZAynkz
]쏬wZ,FJs]1881,36.1072035,139.3346382,wwً}ꏊ(),"y^zZAynkzZyЊQɊւwً}ꏊ( wwً}ꏊ)˂"
]쒆wZ,FJs]쒆2-1-1,36.1160825,139.3369627,wwً}ꏊ(),y^zZAynkz
]ۈ珊,FJs323-1,36.1179989,139.3348433,wwً}ꏊ(),y^zZAynkz
]̈,FJs]쒆2-3-1,36.1152632,139.3364822,wwً}ꏊ(),y^zZAynkz~
]_ƑZ^-,FJs465-1,36.1270639,139.3457563,wwً}ꏊ(),y^zZAynkz~
]_ƌCZ^-,FJs671,36.1080174,139.3187865,wwً}ꏊ(),y^zZAynkz~
]_Z^-,FJs]1936-1,36.1048872,139.3325524,wwً}ꏊ(),y^zZAynkz~
]R~jeBZ^-,FJs1138-1,36.1152601,139.3522509,wwً}ꏊ(),y^zZAynkz
]쎙Nu,FJs{L599-1,36.106834,139.3360243,wwً}ꏊ(),y^zZAynkz
]쑍فussAv(),FJs325-1,36.1177823,139.3337072,wwً}ꏊ(),y^zZAynkz
c,FJs348-1,36.1243005,139.3449148,wwً}ꏊ(),y^zZAynkz~
O{W,FJsO{717,36.129696,139.330612,wwً}ꏊ(),y^zZAynkz
VcW,FJsVc227,36.131485,139.318231,wwً}ꏊ(),y^zZAynkz~
㉟؏W,FJs1056-1,36.134134,139.32378,wwً}ꏊ(),y^z~Aynkz
؏W,FJs313-3,36.1335324,139.3402062,wwً}ꏊ(),y^zZAynkz
tW,FJst1023-1,36.132631,139.349547,wwً}ꏊ(),y^zZAynkz~
tW,FJst555,36.1286192,139.3517227,wwً}ꏊ(),y^zZAynkz~
䐳VcPZ^-,FJs䐳Vc453-1,36.1234144,139.3528673,wwً}ꏊ(),y^zZAynkz~
W,FJs䐳Vc1321-1,36.1166488,139.3609199,wwً}ꏊ(),y^zZAynkz~
{LWZ^-,FJs{L243-1,36.1059035,139.3419684,wwً}ꏊ(),y^zZAynkz~
쌴W,FJs쌴622-1,36.1040395,139.364098,wwً}ꏊ(),y^zZAynkz~
쌴W,FJs쌴66-3,36.1036813,139.3524374,wwً}ꏊ(),y^z~Aynkz
]WZ^-,FJs]1403,36.1003684,139.3344164,wwً}ꏊ(),y^zZAynkz~
W,FJs142-1,36.102947,139.318003,wwً}ꏊ(),y^zZAynkz~
p-NVeBW,FJs2653-95,36.111076,139.336626,wwً}ꏊ(),y^zZAynkz
VlZ^-@]쑑,FJs118,36.1249283,139.3315208,,
_CAifCT-rXZ^-,FJs쌴461-7,36.1019537,139.3610204,,
yVlz-@샆-gsA_CAiNu,FJs]1396,36.0994991,139.3344081,,
ʗ{Vlz-@̋,FJs쌴461-3,36.101898,139.360362,,
QҎx{݁@FJ,FJs쌴1064-1,36.10066,139.37209,,
QҎx{݁@]숤̉,FJs쌴245,36.10837,139.35512,,
QҏAJpx{(B^)Ə@ɂnEX@,FJs1220-1,36.11149,139.31555,,
ȏhkL,FJsȏ1720,36.22266,139.374394,wً}ꏊ(ꎞꏊ),y^z~AynkzZ
ȏ^,FJs{952-1,36.206294,139.399598,wً}ꏊ(ꎞꏊ),y^z~AynkzZ
,FJsȏ1720-4,36.222263,139.3752,wً}ꏊ(ꎞꏊ),y^z~AynkzZ
ȏ^,FJsђ200-1,36.224975,139.357981,wً}ꏊ(Lꏊ),y^z~AynkzZ
ȏwZ,FJsȏ1492,36.2293866,139.3780212,wwً}ꏊ(),y^zZ(2Kȏ)AynkzZ
jwZ,FJsȏ137-1,36.2350665,139.353262,wwً}ꏊ(),y^zZ(2Kȏ)AynkzZ
cwZ,FJsؓc5,36.2160654,139.3521937,wwً}ꏊ(),y^zZAynkzZ
䏬wZ,FJs㍪358,36.2098917,139.3874354,wwً}ꏊ(),y^zZ(2Kȏ)AynkzZ
`wZ,FJsac831,36.2057515,139.4199818,wwً}ꏊ(),y^zZ(3Kȏ)AynkzZ
ȏ쏬wZ,FJs퓡704,36.2152408,139.3718671,wwً}ꏊ(),y^zZ(2Kȏ)AynkzZ
wZwZ,FJsȏ2111,36.2509817,139.3550855,wwً}ꏊ(),y^z~AynkzZ
ȏwZ,FJs퓡2359-2,36.226159,139.3644532,wwً}ꏊ(),y^zZ(2Kȏ)AynkzZ
ȏwZ,FJsȏ430-1,36.2238762,139.3868791,wwً}ꏊ(),y^zZ(3Kȏ)AynkzZ
߂ʂܔ_ƌCZ^[(),FJs퓡2440,36.224329,139.368217,wwً}ꏊ(),y^zZ(2Kȏ)AynkzZ
ȏwZ,FJs퓡480,36.2159798,139.3821189,wwً}ꏊ(),y^zZ(2Kȏ)AynkzZ
ȏ,FJsȏ1-1,36.2230206,139.381949,wwً}ꏊ(),y^zZ(2Kȏ)Aynkz~
c,FJsђ1410-1,36.2172014,139.3513354,wwً}ꏊ(),y^z~AynkzZ
ȏ,FJs퓡692-1,36.2155908,139.3735419,wwً}ꏊ(),y^z~AynkzZ
,FJs]g363,36.2096112,139.3889214,wwً}ꏊ(),y^zZ(2Kȏ)AynkzZ
ȏΘJ,FJsȏ1706-1,36.2225873,139.3766551,wwً}ꏊ(),y^zZ(2Kȏ)AynkzZ
Vlẻ ߂ʂܑ(`),FJsac922-1,36.202013,139.418721,wwً}ꏊ(),y^z~AynkzZ
W,FJs481,36.1905143,139.4142387,wwً}ꏊ(),y^z~Aynkz
]܏W,FJs]519-1,36.202051,139.354987,wwً}ꏊ(),y^z~AynkzZ
W,FJs240-1,36.2027866,139.3729288,wwً}ꏊ(),y^z~AynkzZ
PW,FJsPP195-5,36.2152664,139.3998392,wwً}ꏊ(),y^z~AynkzZ
isOjcssZ^[,Qncsѐ882-5,36.259116,139.365857,wwً}ꏊ(),y^zZ(2Kȏ)Aynkz~
isOjcs쏬wZ,Qncsѓ1372,36.255754,139.376414,wwً}ꏊ(),y^zZAynkz~
isOjcs쒆wZ,Qncsіk955-1,36.26205,139.363576,wwً}ꏊ(),y^zZ(2Kȏ)Aynkz~
FJsЉc@VlfCT-rXZ^-,FJs퓡1753,36.216168,139.371892,,
VlZ^-@Ђ푑,FJs퓡1755,36.2163323,139.3723086,,
ʗ{Vlz-@S,FJs㍪268,36.213841,139.381591,,
PAnEX@킹̗,FJs169,36.203253,139.351436,,
ʈ,FJsʈ1973-314,36.17812,139.343611,wً}ꏊ(ꎞꏊ),y^z~AynkzZ
O,FJsEZ774-2,36.171419,139.312166,wً}ꏊ(ꎞꏊ),y^zZAynkzZ
,FJsEZ788-29,36.170665,139.308166,wً}ꏊ(ꎞꏊ),y^zZAynkzZ
Č1,FJsVx1154-12,36.17417,139.315016,wً}ꏊ(ꎞꏊ),y^zZAynkzZ
y,FJsy1-20,36.1697,139.313673,wً}ꏊ(ꎞꏊ),y^zZAynkzZ
ʕ{1,FJsʕ{2-83,36.185784,139.332831,wً}ꏊ(ꎞꏊ),y^zZAynkzZ
ʕ{2,FJsʕ{4-44,36.182735,139.339911,wً}ꏊ(ꎞꏊ),y^z~AynkzZ
ʕ{3,FJsʕ{5-51,36.180231,139.335655,wً}ꏊ(ꎞꏊ),y^zZAynkzZ
ʈזؑ1,FJsʈ3-19,36.174145,139.345821,wً}ꏊ(ꎞꏊ),y^z~AynkzZ
ʈזؑ2,FJsʈ2-88,36.176345,139.346897,wً}ꏊ(ꎞꏊ),y^z~AynkzZ
ʈ݉Ƒ1,FJsʈ3-69,36.180113,139.340546,wً}ꏊ(ꎞꏊ),y^z~AynkzZ
ʈ݉Ƒ2,FJsʈ2-24,36.178647,139.337182,wً}ꏊ(ꎞꏊ),y^z~AynkzZ
ʈ݉Ƒ3,FJsʈ5-71,36.177553,139.339356,wً}ꏊ(ꎞꏊ),y^z~AynkzZ
Vx1,Čyn搮ƒn,36.174846,139.333681,wً}ꏊ(ꎞꏊ),y^zZAynkzZ
Vx2,Čyn搮ƒn,36.17595943,139.3325669,wً}ꏊ(ꎞꏊ),y^zZAynkzZ
Vx3,Čyn搮ƒn,36.17804335,139.3338261,wً}ꏊ(ꎞꏊ),y^zZAynkzZ
Vx4,Čyn搮ƒn,36.1771088,139.3310123,wً}ꏊ(ꎞꏊ),y^zZAynkzZ
Vx5,Čyn搮ƒn,36.17890417,139.3321373,wً}ꏊ(ꎞꏊ),y^zZAynkzZ
L쌴,FJs68,36.145467,139.355008,wً}ꏊ(ꎞꏊ),y^z~AynkzZ
Č,Č2-102,36.168979,139.328016,wً}ꏊ(ꎞꏊ),y^zZAynkzZ
Č1,FJsČ1-303,36.172941,139.327541,wً}ꏊ(ꎞꏊ),y^zZAynkzZ
Č2,FJsČ1-56,36.171759,139.330814,wً}ꏊ(ꎞꏊ),y^zZAynkzZ
Č3,Č3-141,36.171257,139.325034,wً}ꏊ(ꎞꏊ),y^zZAynkzZ
Č4,Č3-76,36.169805,139.325788,wً}ꏊ(ꎞꏊ),y^zZAynkzZ
}~-}-gČX(ԏ),FJsVxVc523,36.172753,139.3222,wً}ꏊ(ꎞꏊ),y^zZAynkzZ
ʕ{,FJsʕ{1456,36.194913,139.335375,wً}ꏊ(Lꏊ),y^z~AynkzZ
FJ^,FJs157-1,36.154673,139.34571,wً}ꏊ(Lꏊ),y^zZAynkzZ
喃wZ,FJs喃51,36.1494278,139.3395361,wwً}ꏊ(),y^zZAynkzZ
ʈ䏬wZ,FJs116-1,36.17294,139.345008,wwً}ꏊ(),y^zZAynkzZ
ʕ{wZ,FJsʕ{29-1,36.1935454,139.3414399,wwً}ꏊ(),y^zZAynkzZ
OKwZ,FJsOK2862-1,36.1588236,139.3195618,wwً}ꏊ(),y^zZAynkzZ
ČwZ,FJsVx1143,36.1737163,139.3180364,wwً}ꏊ(),y^zZAynkzZ
VxwZ,FJsVx182,36.1728669,139.3382935,wwً}ꏊ(),y^zZAynkzZ
ʈ䒆wZ,FJsvۓ888,36.168276,139.3453626,wwً}ꏊ(),y^zZ(2Kȏ)AynkzZ
喃wZ,FJs喃35-1,36.1509859,139.3406998,wwً}ꏊ(),y^zZAynkzZ
ʕ{wZ,FJsʕ{1817,36.1875737,139.3348793,wwً}ꏊ(),y^zZAynkzZ
OKwZ,FJsOK2743,36.1620233,139.321792,wwً}ꏊ(),y^zZAynkzZ
FJwZ,FJsOK2066,36.16397,139.331589,wwً}ꏊ(),y^zZAynkzZ
FJƍwZ,FJsL800,36.1492752,139.3560965,wwً}ꏊ(),y^zZ(2Kȏ)AynkzZ
FJHƍwZ,FJs820,36.1566134,139.3549572,wwً}ꏊ(),y^zZAynkzZ
ʈۈ珊,FJsʈ2105-1,36.1786415,139.3455817,wwً}ꏊ(),y^zZAynkz~
Čۈ珊,FJsVx1124,36.1748858,139.3247053,wwً}ꏊ(),y^zZAynkz~
Č٥,FJsVxVc576-1,36.1724469,139.3150895,wwً}ꏊ(),y^zZAynkz~
Vx,FJsVx202-1,36.1729669,139.337238,wwً}ꏊ(),y^z~AynkzZ
ʕ{,FJsʕ{2252-1,36.19361036,139.3353343,wwً}ꏊ(),y^zZAynkzZ
ʕ{̈,FJsʕ{2252-1,36.19320114,139.3354896,wwً}ꏊ(),y^zZAynkz~
FJnفu߂Ɓv,FJsEZ111-1,36.1655758,139.3272999,wwً}ꏊ(),y^zZAynkzZ
VlZ^-@ʕ{,FJsʕ{583-1,36.195664,139.339098,,
FJʎxwZ,FJs쌴605,36.1410007,139.3177098,,
QҎx{݁@V,FJs527,36.1548272,139.3425912,,
Y@,FJs喃422-1,36.147695,139.327923,,
ʗ{Vlz-@-G,FJs쌴471-3,36.141782,139.31577,,
ʗ{Vlz-@݂̗̂,FJsEZ299-1,36.166739,139.323614,,
ʗ{Vlz-@͂ȂԂ,FJsʈ1145-1,36.170706,139.350093,,
ʗ{Vlz-@i,FJsʕ{1599-5,36.191587,139.331674,,
Vl{݁@FJz-,FJsVx1140,36.174747,139.320302,,
{Vlz-@FJz-,FJsVx1140,36.174357,139.319831,,
ی㓙fCT[rXƏ@VFt͂2,FJsVx919-10,36.17939,139.33268,,
唦,FJs`780-1,36.166733,139.378278,wً}ꏊ(ꎞꏊ),y^zZAynkzZ
VbsO[rbOxA(ԏ),1183-2,36.174058,139.367208,wً}ꏊ(ꎞꏊ),y^zZAynkzZ
FJX|-c,FJs810,36.167453,139.403331,wً}ꏊ(Lꏊ),"y^Or-EӍLꂪΏہzZAynkzZ"
wZ,FJs㒆892-1,36.1809151,139.4039266,wwً}ꏊ(),y^zZ(2Kȏ)AynkzZ
ޗǏwZ,FJsޗ561-3,36.1862193,139.3791458,wwً}ꏊ(),y^zZAynkzZ
唦wZ,FJs681,36.1695517,139.3731998,wwً}ꏊ(),y^zZAynkzZ
𒆊wZ,FJs539-1,36.1772822,139.4045406,wwً}ꏊ(),y^zZ(2Kȏ)AynkzZ
ޗǒwZ,FJsޗ1038,36.1826694,139.3670357,wwً}ꏊ(),y^zZAynkzZ
唦wZ,FJs834-1,36.1635162,139.3747584,wwً}ꏊ(),y^zZAynkzZ
_ƊZ^-,FJsޗ897,36.190977,139.3771763,wwً}ꏊ(),y^zZAynkzZ
唦,FJs597-4,36.1700406,139.3764496,wwً}ꏊ(),y^zZAynkzZ
FJsX|-cu܂҂v(nWB),FJs315,36.1707458,139.3667668,wwً}ꏊ(),y^zZAynkzZ
FJsX|-cu܂҂v(nW),FJs315,36.171132,139.366751,,
ʗ{Vlz-@ʂ̏,FJs179-2,36.141782,139.31577,,
ʗ{Vlz-@ʉ؉,FJs266,36.166706,139.414937,,
QҎx{݁@ԂÂ,FJsl91,36.18535,139.3954,,
QҏAJpx(B^)Ə@NV,FJsޗ1561,36.19851,139.37498,,
ی㓙fCT[rXƏ@̂,FJsޗ498-1,36.18671,139.38476,,
v1,FJsv1-42,36.114512,139.426221,wً}ꏊ(ꎞꏊ),y^z~AynkzZ
v2,FJsv1-167,36.116983,139.427522,wً}ꏊ(ꎞꏊ),y^z~AynkzZ
v3,FJsv3-103,36.116204,139.430317,wً}ꏊ(ꎞꏊ),y^z~AynkzZ
v4,FJsv4-171,36.11984,139.433979,wً}ꏊ(ꎞꏊ),y^z~AynkzZ
Jc,FJsJc371-3,36.13359,139.409469,wً}ꏊ(ꎞꏊ),y^z~AynkzZ
{1,FJsV1306,36.160372,139.397501,wً}ꏊ(ꎞꏊ),y^z~AynkzZ
V,FJsV1774-2,36.15411,139.398103,wً}ꏊ(ꎞꏊ),y^z~AynkzZ
ˌ,FJs493,36.141524,139.409537,wً}ꏊ(ꎞꏊ),y^z~AynkzZ
FJʃZ^-@Βn,FJs≮3-1800-59,36.131361,139.426289,wً}ꏊ(ꎞꏊ),y^z~AynkzZ
cwZ,FJsV2810-1,36.154129,139.406078,wwً}ꏊ(),y^zZAynkzZ
JcwZ,FJsJc1030,36.1341284,139.4144007,wwً}ꏊ(),y^zZ(2Kȏ)AynkzZ
vwZ,FJsv808,36.1217554,139.4181093,wwً}ꏊ(),y^zZ(2Kȏ)AynkzZ
{wZ,FJsr733,36.157274,139.4318386,wwً}ꏊ(),y^zZ(2Kȏ)AynkzZ
FJwZ,FJsV3177,36.1463133,139.4149246,wwً}ꏊ(),y^zZ(2Kȏ)AynkzZ
{,FJsV1305-1,36.1604449,139.3968538,wwً}ꏊ(),y^z~AynkzZ
VlZ^-@V,FJsV3022-1,36.1460772,139.4131804,,
ʗ{Vlz-@݌FJ,FJs212-1,36.143983,139.412372,,
PAnEX@_,FJs399-1,36.123975,139.430769,,
PAnEX@NC-Yr,FJs1777-1,36.117689,139.421495,,
g푾Y,FJsg2502-115,36.127899,139.372025,wً}ꏊ(ꎞꏊ),"y^z~AynkzZ"
gwZ,FJsg2103,36.1202429,139.3706749,wwً}ꏊ(),y^zZAynkzZ
gwZ,FJsːVc479-2,36.113038,139.372323,wwً}ꏊ(),"y^zZAynkzZyЊQɊւwً}ꏊ( wwً}ꏊ)˂"
w,FJsg1700,36.1080945,139.3644201,wwً}ꏊ(),y^zZAynkzZƂĂ̂ݎw
VlẻƁ@g,FJs1891-4,36.1249008,139.3809242,,
ʗ{Vlz-@΂ȃz-,FJsg1756-130,36.11141,139.365647,,
ʗ{Vlz-@܂̗,FJs50,36.11964,139.376471,,
勫,FJsDؑ1-4,36.0741201,139.421172,wً}ꏊ(ꎞꏊ),y^zZAynkzZ
ь,FJsDؑ2-4,36.0761282,139.4170112,wً}ꏊ(ꎞꏊ),y^zZAynkzZ
Dؑ䒆,FJsDؑ3-4-1,36.0773364,139.4182889,wً}ꏊ(ꎞꏊ),y^zZAynkzZ
zK,FJsDؑ5-3-1,36.0807137,139.4164779,wً}ꏊ(ꎞꏊ),y^zZAynkzZ
R,FJsDؑ5-13-4,36.07878,139.414118,wً}ꏊ(ꎞꏊ),y^zZAynkzZ
scwZ,FJs243-1,36.110742,139.3976874,wwً}ꏊ(),y^zZ(2Kȏ)AynkzZ
gwZ,FJs7,36.0881515,139.4126364,wwً}ꏊ(),y^zZ(2Kȏ)AynkzZ
嗢wZ,FJs]815-1,36.1029685,139.4049509,wwً}ꏊ(),y^zZ(3Kȏ)AynkzZ
gۈ珊,FJsJ373-1,36.0958893,139.4114586,wwً}ꏊ(),y^z~AynkzZ
嗢̈,FJsÓc21,36.102248,139.410985,wwً}ꏊ(),y^z~AynkzZ
嗢UwKZ^-u˂Ɓv,FJsÓc1-1,36.1031938,139.4110779,wwً}ꏊ(),y^z~AynkzZ
嗢ӂꂠZ^-(),FJsDؑ3-4-4,36.0774502,139.4175973,wwً}ꏊ(),"y^zZAynkzZyЊQɊւwً}( wwً}ꏊ)˂"
֏W,FJs305-1,36.0821579,139.4121505,wwً}ꏊ(),y^zZAynkzZ
tZ^-,FJs103-7,36.0767755,139.4266103,wwً}ꏊ(),y^z~AynkzZ
NX|-cZ^-,FJsÓc1788-1,36.0976675,139.4269818,,
ʗ{Vlz-@TBbW,FJsÓc1560-1,36.095227,139.425571,,
QҎx{݁@Ȃ,FJs㉶c514-2,36.11703,139.37904,,
QҐ쎖Ə@CtAVXga,FJs㉶c466-5,36.118,139.37942,,
,FJs{2-39,36.147252,139.390079,wً}ꏊ(ꎞꏊ),y^z~AynkzZ
{,FJs{2-68,36.1462653,139.3871004,wً}ꏊ(ꎞꏊ),y^z~AynkzZ
,FJs3-1,36.142645,139.39559,wً}ꏊ(ꎞꏊ),y^z~AynkzZ
r,FJs͌2-173,36.136429,139.38532,wً}ꏊ(ꎞꏊ),y^z~AynkzZ
ԏ,FJsԏ钬1-16,36.146458,139.359496,wً}ꏊ(ꎞꏊ),y^z~AynkzZ
,FJsԏ钬1-167,36.146914,139.364192,wً}ꏊ(ꎞꏊ),y^z~AynkzZ
,FJsԏ钬2-120,36.145913,139.367447,wً}ꏊ(ꎞꏊ),y^z~AynkzZ
{O,FJs{O1-29,36.141526,139.382905,wً}ꏊ(ꎞꏊ),y^z~AynkzZ
{Ό,FJs{1-10,36.148724,139.379336,wً}ꏊ(ꎞꏊ),y^z~AynkzZ
,FJs1-1,36.135904,139.390436,wً}ꏊ(ꎞꏊ),y^z~AynkzZ
,FJs4-8,36.135468,139.394933,wً}ꏊ(ꎞꏊ),y^z~AynkzZ
,FJs460,36.1409,139.373048,wً}ꏊ(ꎞꏊ),y^z~AynkzZ
Ό,FJsΌ1652-70,36.148218,139.371803,wً}ꏊ(ꎞꏊ),y^z~AynkzZ
^(ɐӂꂠ),FJsɐ94,36.144363,139.37304,wً}ꏊ(ꎞꏊ),y^z~AynkzZ
c1,FJs2-219,36.15371,139.394444,wً}ꏊ(ꎞꏊ),y^z~AynkzZ
c2,FJs3-169,36.155912,139.396687,wً}ꏊ(ꎞꏊ),y^z~AynkzZ
c4,FJs1-148,36.154601,139.391401,wً}ꏊ(ꎞꏊ),y^z~AynkzZ
{3,FJs591,36.162797,139.39453,wً}ꏊ(ꎞꏊ),y^z~AynkzZ
{4,FJs702-1,36.160945,139.391026,wً}ꏊ(ꎞꏊ),y^z~AynkzZ
{5,FJs550-1,36.162353,139.396874,wً}ꏊ(ꎞꏊ),y^z~AynkzZ
w1,FJs2-137,36.138624,139.396388,wً}ꏊ(ꎞꏊ),y^z~AynkzZ
w3,FJs7-154,36.136072,139.399581,wً}ꏊ(ꎞꏊ),y^z~AynkzZ
CIFJX,FJs{2-135,36.1456,139.378029,wً}ꏊ(ꎞꏊ),y^zZ(̒ԏ2KȏオΏ)AynkzZ
EGVAFJc񒚖ړX(ԏ),FJsc2-20-48,36.15184,139.3863,wً}ꏊ(ꎞꏊ),y^z~AynkzZ
؋ԊX̒ԏ,FJs{1-250-1,36.147214,139.38085,wً}ꏊ(ꎞꏊ),y^zZ(̒ԏ3KȏオΏ)AynkzZ
؋p[N,FJs34,36.147402,139.383284,wً}ꏊ(ꎞꏊ),y^zZ(̒ԏ4KȏオΏ)AynkzZ
FJrΒn,FJsFJ2553-2,36.136097,139.382414,wً}ꏊ(Lꏊ),y^z~AynkzZ
FJwZ,FJsL3-4-1,36.1455656,139.3961299,wwً}ꏊ(),y^zZ(2Kȏ)AynkzZ
FJwZ ,FJs1-1,36.152553,139.389989,wwً}ꏊ(),y^zZAynkzZ
ΌwZ,FJsΌ3-1-1,36.15167,139.377239,wwً}ꏊ(),y^zZ(2Kȏ)AynkzZ
FJ쏬wZ,FJs|343,36.1392601,139.3789318,wwً}ꏊ(),y^zZ(2Kȏ)AynkzZ
؏wZ,FJsؒ2-33-1,36.1363079,139.3873676,wwً}ꏊ(),y^zZ(2Kȏ)AynkzZ
r쒆wZ,FJs2-174,36.1443428,139.370582,wwً}ꏊ(),y^zZ(2Kȏ)AynkzZ
xmwZ,FJs3-103,36.1562035,139.3950821,wwً}ꏊ(),y^zZ(2Kȏ)AynkzZ
匴wZ,FJs匴3-4-1,36.1537143,139.3771866,wwً}ꏊ(),y^zZ(2Kȏ)AynkzZ
FJqwZ,FJsL2-131,36.1443017,139.3920749,wwً}ꏊ(),y^z~AynkzZ
FJ_ƍwZ,FJs匴3-3-1,36.1545948,139.3777171,wwً}ꏊ(),y^zZ(2Kȏ)AynkzZ
FJwZ,FJs匴1-9-1,36.1541144,139.3792865,wwً}ꏊ(),y^zZ(2Kȏ)AynkzZ
rۈ珊,FJsɐ300,36.1437568,139.3754845,wwً}ꏊ(),y^zZ(2Kȏ)Aynkz~
ۈ珊,FJs3-63,36.1341722,139.3946391,wwً}ꏊ(),y^zZ(2Kȏ)Aynkz~
cۈ珊,FJs1-46,36.1531509,139.3911634,wwً}ꏊ(),y^zZ(2Kȏ)Aynkz~
ۈ珊,FJsL4-4-22,36.1458268,139.3997433,wwً}ꏊ(),y^zZ(2Kȏ)Aynkz~
Όۈ珊,FJsΌ3-121-1,36.1506812,139.3759924,wwً}ꏊ(),y^zZ(2Kȏ)Aynkz~
sz-,FJs19,36.1475317,139.3829422,wwً}ꏊ(),y^zZ(2Kȏ)Aynkz~
r,FJs{O1-24-1,36.1416767,139.3823093,wwً}ꏊ(),y^zZ(2Kȏ)AynkzZ
H,FJs{2-39,36.1469014,139.3881697,wwً}ꏊ(),y^zZ(2Kȏ)Aynkz~
s̈,FJsؒ2-33-5,36.1363995,139.3866204,wwً}ꏊ(),y^zZ(2Kȏ)Aynkz~
Z^-,FJsؒ2-33-2,36.1371272,139.3867009,wwً}ꏊ(),y^zZ(2Kȏ)AynkzZ
wl٥Ό,FJs{1-10,36.1486315,139.3797118,wwً}ꏊ(),y^zZ(2Kȏ)Aynkz~
ΘJNz-,FJsΌ1407-1,36.1491032,139.3624628,wwً}ꏊ(),y^zZ(2Kȏ)Aynkz~
ΘJ,FJsΌ1410-1,36.148856,139.3620739,wwً}ꏊ(),y^zZ(2Kȏ)Aynkz~
cҥӂꂠZ^-,FJs1-149,36.1542619,139.391205,,
Q,FJs{2-65,36.1480762,139.3868586,,
QҏAJpx(A^)Ə@vXAC,FJs3-67-1AP{m}V1e,36.13415,139.39529,,
ی㓙fCT[rXƏ@nbs[eXFJ,FJs1-19,36.14302,139.39299,,
